school,level,lat,lon,attendance,safety,misconduct,cluster,outlier_score,behavior_score,academic_score
Abraham Lincoln Elementary School,ES,41.92449696,-87.64452163,96.0,99.0,2.0,,,,
Adam Clayton Powell Paideia Community Academy Elementary School,ES,41.76032435,-87.55673627,95.6,54.0,15.7,,,,
Adlai E Stevenson Elementary School,ES,41.74711093,-87.73170248,95.7,61.0,2.3,,,,
Agustin Lara Elementary Academy,ES,41.8097569,-87.6721446,95.5,56.0,10.4,,,,
Air Force Academy High School,HS,41.82814609,-87.63279369,93.3,49.0,15.6,,,,
Albany Park Multicultural Academy,MS,41.9711433,-87.70962725,97.0,66.0,2.3,,,,
Albert G Lane Technical High School,HS,41.94661693,-87.69105603,96.3,88.0,2.1,,,,
Albert R Sabin Elementary Magnet School,ES,41.90684338,-87.68304259,94.7,67.0,28.1,,,,
Alcott High School for the Humanities,HS,41.93576106,-87.68052441,92.7,70.0,7.1,,,,
Alessandro Volta Elementary School,ES,41.97160605,-87.72464139,96.4,43.0,22.5,,,,
Alexander Graham Bell Elementary School,ES,41.94952795,-87.68605496,96.3,99.0,6.3,,,,
Alexander Graham Elementary School,ES,41.81329195,-87.64338051,92.5,49.0,27.4,,,,
Alexander Hamilton Elementary School,ES,41.94524725,-87.67085683,95.3,73.0,12.5,,,,
Alexander von Humboldt Elementary School,ES,41.90672216,-87.69300325,92.5,31.0,185.5,,,,
Alex Haley Elementary Academy,ES,41.68663682,-87.63359476,94.9,28.0,2.9,,,,
Alfred David Kohn Elementary School,ES,41.70485072,-87.62360199,90.1,19.0,31.2,,,,
Alfred Nobel Elementary School,ES,41.90612797,-87.72993324,94.6,37.0,24.8,,,,
Alice L Barnard Computer Math & Science Center Elementary School,ES,41.70514024,-87.65811642,95.6,46.0,28.5,,,,
Al Raby High School,HS,41.886183,-87.71539705,80.3,52.0,14.0,,,,
Ambrose Plamondon Elementary School,ES,41.86028668,-87.69250468,96.9,45.0,0.6,,,,
Amelia Earhart Options for Knowledge Elementary School,ES,41.72613498,-87.58217727,96.3,81.0,33.4,,,,
Ames Middle School,MS,41.91605519,-87.72177945,94.3,38.0,5.3,,,,
Amos Alonzo Stagg Elementary School,ES,41.75892669,-87.6492534,91.4,23.0,34.3,,,,
Ana Roque de Duprey Elementary School,ES,41.90672216,-87.69300325,95.4,57.0,77.5,,,,
Andrew Carnegie Elementary School,ES,41.78339577,-87.59079649,94.6,48.0,6.2,,,,
Andrew Jackson Elementary Language Academy,ES,41.87432724,-87.66097599,97.4,86.0,0.7,,,,
Anna R. Langford Community Academy,ES,41.78465652,-87.6572053,91.8,31.0,29.0,,,,
Annie Keller Elementary Gifted Magnet School,ES,41.69719792,-87.6972638,97.5,99.0,4.9,,,,
A.N. Pritzker School,ES,41.907025,-87.67779555,94.6,59.0,36.5,,,,
Anthony Overton Elementary School,ES,41.80557578,-87.62012252,90.5,32.0,24.9,,,,
Ariel Elementary Community Academy,ES,41.81133445,-87.5985003,95.5,,5.4,,,,
Arna Wendell Bontemps Elementary School,ES,41.78857298,-87.65634499,94.2,33.0,31.2,,,,
Arnold Mireles Elementary Academy,ES,41.73168217,-87.55282373,92.8,27.0,11.8,,,,
Arthur A Libby Elementary School,ES,41.79764784,-87.65996858,90.8,36.0,21.6,,,,
Arthur Dixon Elementary School,ES,41.74365776,-87.61001515,94.8,47.0,32.2,,,,
Arthur E Canty Elementary School,ES,41.94799245,-87.8293319,96.1,87.0,2.3,,,,
Arthur R Ashe Elementary School,ES,41.74015307,-87.60113659,87.9,,41.6,,,,
Asa Philip Randolph Elementary School,ES,41.76059741,-87.67600175,92.1,15.0,43.5,,,,
Ashburn Community Elementary School,ES,41.74233179,-87.70964592,95.5,48.0,28.5,,,,
Augustus H Burley Elementary School,ES,41.93796493,-87.66985204,96.5,99.0,0.7,,,,
Austin Business and Entrepreneurship Academy High School,HS,41.88520477,-87.76321191,76.0,38.0,12.4,,,,
Austin O Sexton Elementary School,ES,41.78517099,-87.60866927,90.5,23.0,8.6,,,,
Austin Polytechnical Academy High School,HS,41.88520477,-87.76321191,70.1,38.0,21.5,,,,
Avalon Park Elementary School,ES,41.74826636,-87.59161761,92.1,32.0,52.1,,,,
Barbara Vick Early Childhood & Family Center,ES,41.68821843,-87.6856634,60.9,,0.0,,,,
Belmont-Cragin Elementary School,ES,41.92559567,-87.76984337,95.3,75.0,1.3,,,,
Benito Juarez Community Academy High School,HS,41.85267306,-87.66376931,83.7,46.0,17.2,,,,
Benjamin Banneker Elementary School,ES,41.77275433,-87.63729464,91.3,36.0,26.9,,,,
Benjamin E Mays Elementary Academy,ES,41.77256081,-87.64612737,95.5,27.0,0.3,,,,
Bernhard Moos Elementary School,ES,41.9125311,-87.69690545,93.0,50.0,45.5,,,,
Betsy Ross Elementary School,ES,41.78383382,-87.62365383,88.9,39.0,64.1,,,,
Beulah Shoesmith Elementary School,ES,41.80432122,-87.59392226,94.7,45.0,0.3,,,,
Blair Early Childhood Center,ES,41.77652935,-87.79056836,80.2,,0.8,,,,
Bret Harte Elementary School,ES,41.7934746,-87.58686328,94.2,63.0,17.9,,,,
Brian Piccolo Elementary Specialty School,ES,41.9001461,-87.73129753,90.6,27.0,65.8,,,,
Brighton Park Elementary School,ES,41.82391375,-87.69204069,96.3,55.0,2.6,,,,
Bronzeville Scholastic Academy High School,HS,41.80456384,-87.62448408,92.3,41.0,16.2,,,,
Burnham Elementary Inclusive Academy,ES,41.72050221,-87.57759489,95.5,61.0,29.4,,,,
Burnside Elementary Scholastic Academy,ES,41.72850759,-87.60747108,94.9,51.0,8.9,,,,
Calmeca Academy of Fine Arts and Dual Language,ES,41.82440547,-87.71160875,96.5,58.0,1.9,,,,
Carl Schurz High School,HS,41.94640794,-87.73562542,81.2,48.0,13.8,,,,
Carl von Linne Elementary School,ES,41.94001885,-87.70259825,95.8,68.0,1.8,,,,
Carrie Jacobs Bond Elementary School,ES,41.76538639,-87.65305514,91.7,54.0,18.8,,,,
Carroll-Rosenwald Specialty Elementary School,ES,41.74248931,-87.696003,94.8,35.0,27.8,,,,
Carter G Woodson South Elementary School,ES,41.81447955,-87.60845505,91.9,26.0,70.5,,,,
Cesar E Chavez Multicultural Academic Center Elementary School,ES,41.80715514,-87.66600055,95.1,54.0,11.1,,,,
Charles Allen Prosser Career Academy High School,HS,41.92003613,-87.76108432,86.0,59.0,9.7,,,,
Charles Evans Hughes Elementary School,ES,41.86049033,-87.73177486,94.4,42.0,0.0,,,,
Charles Gates Dawes Elementary School,ES,41.74510467,-87.71738613,95.7,44.0,35.6,,,,
Charles G Hammond Elementary School,ES,41.85269133,-87.69627777,95.3,40.0,8.5,,,,
Charles H Wacker Elementary School,ES,41.7162148,-87.6480814,93.4,32.0,11.5,,,,
Charles Kozminski Elementary Community Academy,ES,41.7980295,-87.60246287,92.0,36.0,55.6,,,,
Charles N Holden Elementary School,ES,41.83805473,-87.65380002,94.9,53.0,4.7,,,,
Charles P Caldwell Academy of Math & Science Elementary School,ES,41.73922735,-87.58076569,92.7,25.0,30.7,,,,
Charles P Steinmetz Academic Centre High School,HS,41.93563171,-87.78355194,79.2,26.0,30.4,,,,
Charles R Darwin Elementary School,ES,41.92334998,-87.70543099,95.6,58.0,33.8,,,,
Charles R Henderson Elementary School,ES,41.79061716,-87.67192466,89.2,16.0,80.6,,,,
Charles S Brownell Elementary School,ES,41.77163474,-87.62170972,92.8,20.0,14.1,,,,
Charles S Deneen Elementary School,ES,41.76250359,-87.62338156,93.8,55.0,39.5,,,,
Charles Sumner  Math & Science Community Acad Elementary School,ES,41.87084922,-87.73355414,93.9,41.0,12.3,,,,
Charles W Earle Elementary School,ES,41.78230211,-87.66777712,93.8,24.0,16.9,,,,
Chicago Academy Elementary School,ES,41.94215439,-87.77650575,96.3,66.0,6.0,,,,
Chicago Academy High School,HS,41.94215439,-87.77650575,93.1,58.0,6.3,,,,
Chicago High School for Agricultural Sciences,HS,41.69119388,-87.71773863,92.8,87.0,5.2,,,,
Chicago Military Academy High School,HS,41.83053768,-87.61917837,90.3,32.0,28.2,,,,
Chicago Vocational Career Academy High School,HS,41.73720173,-87.57324389,68.8,27.0,33.3,,,,
Christian Ebinger Elementary School,ES,42.00443557,-87.81116435,95.9,78.0,9.3,,,,
Christian Fenger Academy High School,HS,41.68993885,-87.63760833,74.4,36.0,49.8,,,,
Christopher Columbus Elementary School,ES,41.89958139,-87.68190167,95.5,66.0,2.4,,,,
Clara Barton Elementary School,ES,41.75421962,-87.67096453,91.7,25.0,25.3,,,,
Claremont Academy Elementary School,ES,41.77753754,-87.68108634,92.5,36.0,64.2,,,,
Collins Academy High School,HS,41.86416169,-87.70200761,91.4,60.0,2.9,,,,
Columbia Explorers Elementary Academy,ES,41.81105689,-87.70423481,95.4,59.0,8.9,,,,
Countee Cullen Elementary School,ES,41.70036107,-87.61128176,94.1,14.0,36.9,,,,
Crispus Attucks Elementary School,ES,41.80214349,-87.6257474,95.2,45.0,12.5,,,,
Crown Community Academy of Fine Arts Center Elementary School,ES,41.85266155,-87.7125068,92.5,27.0,100.5,,,,
Cyrus H McCormick Elementary School,ES,41.84224508,-87.706336,95.9,,4.7,,,,
Daniel Boone Elementary School,ES,42.00343519,-87.69750011,95.5,52.0,10.5,,,,
Daniel C Beard Elementary School,ES,41.97009738,-87.78963691,91.9,,0.0,,,,
Daniel Hale Williams Prep School of Medicine,HS,41.80456384,-87.62448408,91.3,50.0,5.4,,,,
Daniel J Corkery Elementary School,ES,41.84559878,-87.73122946,94.7,39.0,18.1,,,,
Daniel R Cameron Elementary School,ES,41.90378521,-87.71796315,92.6,42.0,153.9,,,,
Daniel S Wentworth Elementary School,ES,41.76728177,-87.64825544,91.6,30.0,73.8,,,,
Daniel Webster Elementary School,ES,41.86988904,-87.72748159,94.8,48.0,5.7,,,,
David G Farragut Career Academy High School,HS,41.8485793,-87.70866954,86.1,43.0,18.6,,,,
DeVry University Advantage Academy High School,HS,41.94142629,-87.6907993,96.7,,0.0,,,,
Dewey Elementary Academy of Fine Arts,ES,41.7956493,-87.642615,90.7,41.0,26.3,,,,
DeWitt Clinton Elementary School,ES,41.99256421,-87.69839748,95.3,47.0,14.8,,,,
Disney II Magnet School,ES,41.95048055,-87.73060545,97.3,,0.0,,,,
Donald Morrill Math & Science Elementary School,ES,41.78428993,-87.68851192,93.4,28.0,19.6,,,,
Douglas Taylor Elementary School,ES,41.71544589,-87.5330074,95.1,34.0,16.6,,,,
Dr Jorge Prieto Math and Science,ES,41.92131717,-87.7657438,94.7,,7.0,,,,
Dr  Martin Luther King  Jr  College Prep High School,HS,41.81369471,-87.60383761,92.9,,4.4,,,,
Dumas Technology Academy,ES,41.77350389,-87.60105531,92.5,19.0,38.4,,,,
Dunne Technology Academy,ES,41.69651565,-87.63993763,94.6,46.0,22.8,,,,
Durkin Park Elementary School,ES,41.73886352,-87.72991927,95.4,61.0,0.7,,,,
Dvorak Technology Academy,ES,41.85885599,-87.71574626,94.2,46.0,4.4,,,,
Dyett High School,HS,41.80204982,-87.61192836,62.5,27.0,24.4,,,,
Edgar Allan Poe Elementary Classical School,ES,41.70261965,-87.60645552,97.6,99.0,0.0,,,,
Edgebrook Elementary School,ES,41.99946016,-87.7618211,96.9,99.0,3.4,,,,
Edison Park Elementary School,ES,41.99422812,-87.81380814,96.1,95.0,6.9,,,,
Edmond Burke Elementary School,ES,41.79679285,-87.61617809,89.3,1.0,82.0,,,,
Edward A Bouchet Math & Science Academy Elementary School,ES,41.76086093,-87.57603849,92.9,33.0,28.0,,,,
Edward Beasley Elementary Magnet Academic Center,ES,41.79847228,-87.62565509,95.0,47.0,10.3,,,,
Edward C Delano Elementary School,ES,41.87877166,-87.72464875,93.4,38.0,20.3,,,,
Edward Coles Elementary Language Academy,ES,41.74142687,-87.56593332,95.1,22.0,24.9,,,,
Edward Everett Elementary School,ES,41.83154196,-87.68127322,95.3,,2.4,,,,
Edward Jenner Elementary Academy of the Arts,ES,41.90205805,-87.64101894,88.9,50.0,16.0,,,,
Edward K Ellington Elementary School,ES,41.885506,-87.76655157,93.3,30.0,17.4,,,,
Edward N Hurley Elementary School,ES,41.7667583,-87.71950804,95.4,77.0,12.2,,,,
Edward Tilden Career Community Academy High School,HS,41.80751207,-87.64292985,78.4,34.0,13.0,,,,
Edward White Elementary Career Academy,ES,41.67233661,-87.65055321,93.8,27.0,31.0,,,,
Edwin G Foreman High School,HS,41.93981043,-87.7541302,84.3,26.0,10.3,,,,
Elaine O Goodlow Elementary Magnet School,ES,41.78125258,-87.67555599,91.6,44.0,47.5,,,,
Elihu Yale Elementary School,ES,41.76644232,-87.63209571,89.7,29.0,67.2,,,,
Eli Whitney Elementary School,ES,41.84006197,-87.7255084,95.8,44.0,11.6,,,,
Elizabeth H Sutherland Elementary School,ES,41.71142687,-87.67678398,95.6,86.0,6.8,,,,
Elizabeth Peabody Elementary School,ES,41.89986912,-87.66419014,95.2,51.0,7.6,,,,
Eliza Chappell Elementary School,ES,41.975867,-87.68325438,95.1,70.0,2.9,,,,
Ella Flagg Young Elementary School,ES,41.90678358,-87.76717934,94.3,31.0,3.0,,,,
Ellen H Richards Career Academy High School,HS,41.80285552,-87.66224052,90.6,30.0,17.3,,,,
Ellen Mitchell Elementary School,ES,41.89205482,-87.68317867,95.5,99.0,12.2,,,,
Emil G Hirsch Metropolitan High School,HS,41.7537612,-87.60176452,84.8,13.0,47.1,,,,
Emiliano Zapata Elementary Academy,ES,41.84139181,-87.73434997,96.6,60.0,2.8,,,,
Emmett Louis Till Math and Science Academy,ES,41.77544062,-87.60932095,88.0,31.0,95.7,,,,
Enrico Fermi Elementary School,ES,41.76772772,-87.59039017,89.9,30.0,101.2,,,,
Enrico Tonti Elementary School,ES,41.78750499,-87.70814201,95.8,,2.1,,,,
Eric Solorio Academy High School,HS,41.79518118,-87.71109447,92.2,67.0,3.0,,,,
Ernst Prussing Elementary School,ES,41.96561054,-87.77245066,95.4,71.0,23.4,,,,
Esmond Elementary School,ES,41.68939069,-87.66916143,92.9,36.0,34.0,,,,
Eugene Field Elementary School,ES,42.00966462,-87.66994862,96.8,42.0,10.0,,,,
Everett McKinley Dirksen Elementary School,ES,41.97368728,-87.84105162,95.9,44.0,2.7,,,,
Evergreen Academy Middle School,MS,41.829365,-87.66778007,96.1,60.0,5.5,,,,
Fairfield Elementary Academy,ES,41.78086789,-87.69207758,93.4,31.0,43.4,,,,
Federico Garcia Lorca Elementary School,ES,41.94001885,-87.72474354,96.8,53.0,43.8,,,,
Ferdinand Peck Elementary School,ES,41.78792632,-87.71922211,96.3,51.0,1.2,,,,
Fernwood Elementary School,ES,41.71119799,-87.6403774,93.4,29.0,29.0,,,,
Florence B Price Elementary School,ES,41.81534262,-87.6038735,90.0,20.0,156.6,,,,
Florence Nightingale Elementary School,ES,41.79774019,-87.68917624,95.6,35.0,9.4,,,,
Fort Dearborn Elementary School,ES,41.72966698,-87.65544435,93.4,34.0,24.5,,,,
Foster Park Elementary School,ES,41.7384262,-87.66813597,93.7,11.0,33.6,,,,
Francisco I Madero Middle School,MS,41.84098398,-87.70508585,95.1,49.0,7.1,,,,
Francis M McKay Elementary School,ES,41.76810662,-87.69174944,93.5,23.0,9.1,,,,
Francis Parkman Elementary School,ES,41.80169919,-87.63297392,90.6,38.0,20.7,,,,
Francis Scott Key Elementary School,ES,41.88983589,-87.76633519,91.9,37.0,39.6,,,,
Francis W Parker Elementary Community Academy,ES,41.77079606,-87.6353099,91.9,30.0,39.0,,,,
Frank I Bennett Elementary School,ES,41.71041656,-87.61735342,92.5,46.0,6.5,,,,
Frank L Gillespie Elementary School,ES,41.72529635,-87.62368165,91.9,27.0,2.1,,,,
Franklin Elementary Fine Arts Center,ES,41.90657253,-87.6355136,95.9,87.0,5.6,,,,
Frank W Gunsaulus Elementary Scholastic Academy,ES,41.81299531,-87.69940042,96.6,46.0,87.3,,,,
Frank W Reilly Elementary School,ES,41.94112155,-87.71953058,97.0,48.0,8.7,,,,
Franz Peter Schubert Elementary School,ES,41.93038593,-87.76115305,95.8,,2.1,,,,
Frazier Prospective IB Magnet Elementary School,ES,41.86695871,-87.72631742,96.8,60.0,7.2,,,,
Frederic Chopin Elementary School,ES,41.89674048,-87.68890154,96.9,86.0,1.7,,,,
Frederick A Douglass Academy High School,HS,41.89037849,-87.76763207,79.2,44.0,28.0,,,,
Frederick Funston Elementary School,ES,41.91762127,-87.71692852,94.7,16.0,16.8,,,,
Frederick Stock Elementary School,ES,42.0168639,-87.81420664,72.4,,0.0,,,,
Friedrich Ludwig Jahn Elementary School,ES,41.93924404,-87.67577282,94.7,72.0,19.9,,,,
Friedrich W von Steuben Metropolitan Science High School,HS,41.9731926,-87.71334969,87.0,70.0,4.0,,,,
Gage Park High School,HS,41.79101352,-87.68899064,72.5,14.0,19.5,,,,
Galileo Math & Science Scholastic Academy Elementary School,ES,41.87124634,-87.65340205,95.0,65.0,3.1,,,,
Garrett A Morgan Elementary School,ES,41.74124549,-87.64007166,92.0,28.0,10.0,,,,
Genevieve Melody Elementary School,ES,41.87474954,-87.73051772,92.1,61.0,26.0,,,,
George Armstrong International Studies Elementary School,ES,42.01017628,-87.68446868,96.3,59.0,8.1,,,,
George B McClellan Elementary School,ES,41.82998962,-87.64106579,93.2,49.0,7.8,,,,
George B Swift Elementary Specialty School,ES,41.98915734,-87.65833342,96.3,61.0,6.0,,,,
George F Cassell Elementary School,ES,41.68733881,-87.70325179,94.4,76.0,13.8,,,,
George H Corliss High School,HS,41.70739096,-87.60307842,71.3,33.0,23.4,,,,
George Leland Elementary School,ES,41.87382439,-87.75571809,92.6,,3.3,,,,
George Manierre Elementary School,ES,41.90825367,-87.63986347,91.0,43.0,44.0,,,,
George M Pullman Elementary School,ES,41.68879566,-87.60939383,93.5,59.0,14.6,,,,
George Rogers Clark Elementary School,ES,41.8678323,-87.77038158,93.9,39.0,14.4,,,,
George Washington Carver Military Academy High School,HS,41.65627709,-87.5906566,91.6,53.0,8.9,,,,
George Washington Carver Primary School,ES,41.65367428,-87.59952683,90.9,25.0,15.6,,,,
George Washington Elementary School,ES,41.68810403,-87.53600985,95.5,58.0,5.6,,,,
George Washington High School,HS,41.6881094,-87.5375501,80.2,46.0,12.7,,,,
George W Curtis Elementary School,ES,41.68544575,-87.62166148,93.8,23.0,18.2,,,,
George Westinghouse High School,HS,41.88994963,-87.70734353,93.6,74.0,2.0,,,,
George W Tilton Elementary School,ES,41.88409703,-87.73052949,91.4,6.0,65.5,,,,
Gerald Delgado Kanoon Elementary Magnet School,ES,41.85077575,-87.70507547,95.9,44.0,3.3,,,,
Graeme Stewart Elementary School,ES,41.96434608,-87.65605252,95.2,49.0,77.0,,,,
Granville T Woods Math & Science Academy Elementary School,ES,41.7811649,-87.65468845,91.9,35.0,41.5,,,,
Greater Lawndale High School For Social Justice,HS,41.83601953,-87.73419465,87.5,43.0,16.4,,,,
Grover Cleveland Elementary School,ES,41.9520147,-87.70642927,95.0,64.0,6.1,,,,
Guglielmo Marconi Elementary Community Academy,ES,41.88431659,-87.73936153,91.5,26.0,58.8,,,,
Gurdon S Hubbard High School,HS,41.78050763,-87.71804991,89.3,42.0,4.3,,,,
Gwendolyn Brooks College Preparatory Academy High School,HS,41.69278956,-87.61638144,87.1,64.0,0.1,,,,
Hannah G Solomon Elementary School,ES,41.99397007,-87.72407991,95.8,78.0,0.8,,,,
Hanson Park Elementary School,ES,41.92392771,-87.76152094,95.0,35.0,24.4,,,,
Harold Washington Elementary School,ES,41.72853492,-87.59629327,96.1,28.0,3.1,,,,
Harriet Beecher Stowe Elementary School,ES,41.91196584,-87.7132855,93.8,28.0,13.7,,,,
Harriet E Sayre Elementary Language Academy,ES,41.9141236,-87.79875667,96.2,68.0,2.6,,,,
Hawthorne Elementary Scholastic Academy,ES,41.94228994,-87.65767253,96.9,92.0,1.2,,,,
Helen M Hefferan Elementary School,ES,41.87863685,-87.73583687,93.8,29.0,13.4,,,,
Helen Peirce International Studies Elementary School,ES,41.98342819,-87.66586537,96.7,58.0,5.8,,,,
Helge A Haugan Elementary School,ES,41.96403525,-87.72316496,96.2,43.0,23.4,,,,
Henry Clay Elementary School,ES,41.65455937,-87.544577,95.2,38.0,6.0,,,,
Henry D Lloyd Elementary School,ES,41.91883022,-87.74847861,96.2,,0.0,,,,
Henry H Nash Elementary School,ES,41.89214724,-87.74720292,95.1,41.0,27.9,,,,
Henry O Tanner Elementary School,ES,41.76069854,-87.60682834,91.8,33.0,43.1,,,,
Henry R Clissold Elementary School,ES,41.69305404,-87.6808619,95.1,45.0,8.4,,,,
High School of Leadership at South Shore,HS,41.75619362,-87.57960727,72.0,,43.4,,,,
Hiram H Belding Elementary School,ES,41.95890499,-87.73398223,95.0,64.0,21.3,,,,
Hope College Preparatory High School,HS,41.79355292,-87.64134488,72.2,31.0,24.0,,,,
Horace Greeley Elementary School,ES,41.95283701,-87.65097549,95.9,65.0,6.0,,,,
Horace Mann Elementary School,ES,41.74830012,-87.57485274,92.6,28.0,44.4,,,,
Horatio May Elementary Community Academy,ES,41.87358321,-87.74931216,91.9,42.0,40.0,,,,
Hyde Park Academy High School,HS,41.78223539,-87.58665115,70.5,29.0,18.5,,,,
Hyman G Rickover Naval Academy High School,HS,41.98905063,-87.66526222,92.9,64.0,15.4,,,,
Ida B Wells Preparatory Elementary Academy,ES,41.82390751,-87.61978794,93.2,49.0,9.5,,,,
Ignance Paderewski Elementary Learning Academy,ES,41.85094816,-87.71726618,92.1,31.0,20.9,,,,
Infinity Math Science and Technology High School,HS,41.83601953,-87.73419465,92.2,58.0,7.5,,,,
Inter-American Elementary Magnet School,ES,41.94897646,-87.65153745,96.2,67.0,3.0,,,,
Ira F Aldridge Elementary School,ES,41.65743243,-87.60649623,92.9,39.0,49.0,,,,
Irene C. Hernandez Middle School for the Advancement of Science,MS,41.79350627,-87.71139803,95.5,34.0,14.8,,,,
Irma C Ruiz Elementary School,ES,41.84809742,-87.68078114,95.5,57.0,15.9,,,,
Irvin C Mollison Elementary School,ES,41.81434006,-87.61658079,91.1,44.0,36.1,,,,
Isabelle C O'Keeffe Elementary School,ES,41.76861557,-87.57284299,92.1,17.0,24.6,,,,
Jackie Robinson Elementary School,ES,41.81735839,-87.59903174,90.5,,47.9,,,,
Jacob Beidler Elementary School,ES,41.88529401,-87.70581859,95.4,63.0,0.7,,,,
Jacqueline B Vaughn Occupational High School,HS,41.96035141,-87.76462602,87.6,57.0,3.7,,,,
James B Farnsworth Elementary School,ES,41.9798092,-87.76610809,94.2,55.0,1.7,,,,
James B McPherson Elementary School,ES,41.96784758,-87.67632505,96.5,71.0,1.2,,,,
James E McDade Elementary Classical School,ES,41.73451387,-87.61917677,96.2,99.0,0.0,,,,
James G Blaine Elementary School,ES,41.95080812,-87.66495825,96.4,99.0,2.1,,,,
James Hedges Elementary School,ES,41.80713406,-87.67329121,95.4,22.0,48.8,,,,
James Madison Elementary School,ES,41.75955224,-87.59067582,94.9,39.0,12.4,,,,
James Monroe Elementary School,ES,41.92996135,-87.71921246,95.1,45.0,22.1,,,,
James N Thorp Elementary School,ES,41.73331035,-87.54451462,91.8,32.0,45.4,,,,
James Otis Elementary School,ES,41.89179703,-87.66538928,95.5,83.0,3.2,,,,
James R Doolittle Jr Elementary School,ES,41.8310921,-87.61291629,91.4,30.0,134.8,,,,
James Russell Lowell Elementary School,ES,41.90654684,-87.71023279,93.2,39.0,11.2,,,,
James Shields Elementary School,ES,41.81593528,-87.68968453,97.0,38.0,13.9,,,,
James Wadsworth Elementary School,ES,41.77812652,-87.59815597,92.2,,8.0,,,,
James Ward Elementary School,ES,41.84395162,-87.63531815,97.8,49.0,1.3,,,,
James Weldon Johnson Elementary School,ES,41.86183983,-87.7031756,94.7,67.0,1.4,,,,
Jane Addams Elementary School,ES,41.69871497,-87.53301251,96.0,56.0,5.0,,,,
Jane A Neil Elementary School,ES,41.7384386,-87.62089767,88.9,42.0,5.0,,,,
Jean Baptiste Beaubien Elementary School,ES,41.97237914,-87.75752776,95.7,63.0,7.4,,,,
Jean D Lafayette Elementary School,ES,41.89940402,-87.69494543,94.1,44.0,14.3,,,,
Jensen Elementary Scholastic Academy,ES,41.87384239,-87.70224149,93.1,35.0,17.2,,,,
Jesse Owens Elementary Community Academy,ES,41.66737294,-87.62242272,91.3,,4.9,,,,
Jesse Sherwood Elementary School,ES,41.7907728,-87.6322812,92.0,38.0,3.9,,,,
Johann W von Goethe Elementary School,ES,41.9228282,-87.69293637,95.8,75.0,5.6,,,,
John A Walsh Elementary School,ES,41.85484214,-87.64804964,95.1,60.0,2.9,,,,
John Barry Elementary School,ES,41.93251118,-87.73942514,95.1,35.0,5.6,,,,
John B Drake Elementary School,ES,41.84379445,-87.61776768,93.8,59.0,43.3,,,,
John B Murphy Elementary School,ES,41.95005034,-87.71682949,95.6,80.0,1.9,,,,
John Calhoun North Elementary School,ES,41.87822115,-87.69755292,95.9,52.0,4.6,,,,
John C Burroughs Elementary School,ES,41.8288631,-87.69249318,95.6,50.0,0.2,,,,
John C Coonley Elementary School,ES,41.95554905,-87.68380195,95.9,87.0,1.4,,,,
John C Dore Elementary School,ES,41.78092716,-87.78764009,95.6,74.0,10.8,,,,
John Charles Haines Elementary School,ES,41.84993116,-87.63378596,98.4,32.0,0.3,,,,
John D Shoop Math-Science Technical Academy Elementary School,ES,41.69093337,-87.65870614,93.2,32.0,40.8,,,,
John F Eberhart Elementary School,ES,41.7744471,-87.70800189,95.3,42.0,13.1,,,,
John Fiske Elementary School,ES,41.78290934,-87.60259685,92.9,13.0,37.1,,,,
John F Kennedy High School,HS,41.79042796,-87.78037224,83.0,53.0,22.0,,,,
John Foster Dulles Elementary School,ES,41.779797,-87.61717494,94.1,42.0,28.2,,,,
John Greenleaf Whittier Elementary School,ES,41.85050786,-87.67342126,94.9,65.0,3.8,,,,
John Hancock College Preparatory High School,HS,41.79149114,-87.72449161,78.2,51.0,7.5,,,,
John Harvard Elementary School of Excellence,ES,41.75733472,-87.63270008,93.0,51.0,8.7,,,,
John Hay Elementary Community Academy,ES,41.89918473,-87.75585034,92.9,44.0,30.8,,,,
John H Hamline Elementary School,ES,41.80726347,-87.66113856,94.4,33.0,7.5,,,,
John H Kinzie Elementary School,ES,41.78970398,-87.7791043,95.4,64.0,14.9,,,,
John H Vanderpoel Elementary Magnet School,ES,41.72078152,-87.66558526,97.2,74.0,0.3,,,,
John J Audubon Elementary School,ES,41.94509808,-87.68107885,96.2,95.0,4.5,,,,
John J Pershing Elementary Humanities Magnet,ES,41.83803465,-87.61334083,95.5,,19.2,,,,
John L Marsh Elementary School,ES,41.71657908,-87.55251993,95.7,72.0,5.4,,,,
John Marshall Metropolitan High School,HS,41.87847194,-87.70801612,74.1,51.0,42.9,,,,
John M Harlan Community Academy High School,HS,41.71840075,-87.62066069,81.2,,21.6,,,,
John Milton Gregory Elementary School,ES,41.87071468,-87.71867323,95.2,44.0,3.2,,,,
John M Smyth Elementary School,ES,41.86532347,-87.65347031,92.4,37.0,20.1,,,,
Johnnie Colemon Elementary Academy,ES,41.67747786,-87.65812011,95.9,60.0,23.4,,,,
John Palmer Elementary School,ES,41.97326374,-87.73917547,96.3,75.0,12.8,,,,
John P Altgeld Elementary School,ES,41.76510322,-87.6582125,91.9,48.0,32.9,,,,
John Spry Elementary Community School,ES,41.84815451,-87.69912725,96.2,66.0,5.9,,,,
John T McCutcheon Elementary School,ES,41.97095968,-87.65472193,94.0,56.0,8.8,,,,
John T Pirie Fine Arts & Academic Center Elementary School,ES,41.74036711,-87.60792289,93.5,26.0,20.8,,,,
John W Cook Elementary School,ES,41.74526284,-87.6598119,94.0,,26.0,,,,
John W Garvy Elementary School,ES,41.97635262,-87.79619832,95.3,60.0,10.2,,,,
John Whistler Elementary School,ES,41.68391137,-87.65534733,92.4,45.0,11.1,,,,
Jonathan Burr Elementary School,ES,41.91233061,-87.66864691,95.9,71.0,4.3,,,,
Jonathan Y Scammon Elementary School,ES,41.94164944,-87.73222901,95.9,44.0,8.0,,,,
Jordan Elementary Community School,ES,42.01709536,-87.67779928,95.6,61.0,16.4,,,,
Jose De Diego Elementary Community Academy,ES,41.90531549,-87.68572005,95.0,57.0,29.0,,,,
Josefa Ortiz De Dominguez Elementary School,ES,41.83875333,-87.71722614,95.8,,3.6,,,,
Joseph Brennemann Elementary School,ES,41.95997841,-87.64971223,96.5,50.0,13.7,,,,
Joseph E Gary Elementary School,ES,41.83709246,-87.71870452,96.1,32.0,16.8,,,,
Josephine C Locke Elementary School,ES,41.93176301,-87.79564085,95.5,57.0,2.2,,,,
Joseph Jungman Elementary School,ES,41.85810053,-87.65233933,96.4,36.0,5.3,,,,
Joseph Kellman Corporate Community Elementary School,ES,41.87119309,-87.70078311,95.2,58.0,4.4,,,,
Joseph Lovett Elementary School,ES,41.91269042,-87.78393402,95.4,43.0,16.1,,,,
Joseph Stockton Elementary School,ES,41.9623189,-87.66388983,94.9,37.0,11.0,,,,
Joseph Warren Elementary School,ES,41.72677474,-87.5753162,95.0,33.0,21.6,,,,
Joshua D Kershaw Elementary School,ES,41.77647883,-87.64092929,94.8,62.0,8.2,,,,
Josiah Pickard Elementary School,ES,41.85287295,-87.6833397,95.8,50.0,5.1,,,,
Joyce Kilmer Elementary School,ES,42.00367622,-87.66826026,96.0,,15.6,,,,
Julia C Lathrop Elementary School,ES,41.86119482,-87.7093241,90.5,67.0,113.5,,,,
Julia Ward Howe Elementary School of Excellence,ES,41.89362521,-87.75943557,96.0,67.0,7.7,,,,
Kate S Buckingham Special Education Center,ES,41.72782129,-87.56439326,83.4,31.0,116.9,,,,
Kate S Kellogg Elementary School,ES,41.72525315,-87.67719555,96.3,76.0,12.0,,,,
Kelvyn Park High School,HS,41.92789092,-87.73600171,74.4,32.0,12.9,,,,
Kenwood Academy High School,HS,41.80375479,-87.59038395,88.4,63.0,5.9,,,,
Lake View High School,HS,41.95478361,-87.66891643,87.7,64.0,8.5,,,,
Langston Hughes Elementary School,ES,41.70536999,-87.62985093,90.0,28.0,27.5,,,,
LaSalle Elementary Language Academy,ES,41.9138823,-87.63760107,96.8,99.0,7.0,,,,
LaSalle II Magnet Elementary School,ES,41.90290876,-87.67373263,95.1,66.0,5.6,,,,
Laughlin Falconer Elementary School,ES,41.93577597,-87.74936705,96.1,54.0,5.7,,,,
Laura S Ward Elementary School,ES,41.88845002,-87.71752405,92.9,,3.9,,,,
Lawndale Elementary Community Academy,ES,41.86298683,-87.71300615,91.0,,18.8,,,,
Lazaro Cardenas Elementary School,ES,41.8485071,-87.71598119,96.3,,3.2,,,,
Leif Ericson Elementary Scholastic Academy,ES,41.87576191,-87.71584573,94.7,33.0,20.8,,,,
Lenart Elementary Regional Gifted Center,ES,41.74715024,-87.62800231,97.4,79.0,0.3,,,,
Leslie Lewis Elementary School,ES,41.90682528,-87.75451319,91.8,21.0,37.7,,,,
Lincoln Park High School,HS,41.91830362,-87.64597389,84.6,65.0,9.2,,,,
Lionel Hampton Fine & Performing Arts Elementary School,ES,41.75348432,-87.70875287,95.0,42.0,94.9,,,,
Little Village Elementary School,ES,41.84368588,-87.71735516,96.7,45.0,3.2,,,,
Logandale Middle School,MS,41.9339976,-87.70804359,95.1,56.0,5.1,,,,
Lorenz Brentano Math & Science Academy Elementary School,ES,41.93097047,-87.69625758,94.7,57.0,9.2,,,,
Louis A Agassiz Elementary School,ES,41.93412004,-87.65619167,95.2,53.0,32.6,,,,
Louisa May Alcott Elementary School,ES,41.92984626,-87.64633949,96.6,,3.7,,,,
Louis Armstrong Math & Science Elementary School,ES,41.87378243,-87.75920297,92.6,42.0,83.4,,,,
Louis Nettelhorst Elementary School,ES,41.94162999,-87.64459776,95.5,58.0,5.3,,,,
Louis Pasteur Elementary School,ES,41.78688968,-87.73262962,95.0,50.0,5.0,,,,
Ludwig Van Beethoven Elementary School,ES,41.80910779,-87.62711401,93.7,40.0,11.4,,,,
Luke O'Toole Elementary School,ES,41.77418952,-87.67513395,89.2,5.0,26.7,,,,
Luther Burbank Elementary School,ES,41.91759334,-87.78266267,95.2,37.0,9.8,,,,
Lyman A Budlong Elementary School,ES,41.97572652,-87.69660443,95.4,59.0,3.9,,,,
Lyman Trumbull Elementary School,ES,41.97621644,-87.6697616,94.3,56.0,17.8,,,,
Mahalia Jackson Elementary School,ES,41.73409818,-87.64675679,92.5,38.0,35.7,,,,
Mancel Talcott Elementary School,ES,41.89243235,-87.67370499,95.8,63.0,3.2,,,,
Manley Career Academy High School,HS,41.87091163,-87.69988652,66.8,41.0,19.7,,,,
Manuel Perez Elementary School,ES,41.85600113,-87.6579887,95.9,45.0,7.3,,,,
Marcus Moziah Garvey Elementary School,ES,41.7065956,-87.64754034,94.0,50.0,20.5,,,,
Mariano Azuela Elementary School,ES,41.77105158,-87.73992325,95.5,54.0,19.7,,,,
Maria Saucedo Elementary Scholastic Academy,ES,41.84796859,-87.69728712,96.8,60.0,19.4,,,,
Marie Sklodowska Curie Metropolitan High School,HS,41.80304615,-87.72200673,85.0,43.0,9.1,,,,
Marine Military Math and Science Academy ,HS,41.87885054,-87.68865058,91.3,41.0,4.5,,,,
Mark Sheridan Elementary Math & Science Academy,ES,41.84437293,-87.64131399,96.8,74.0,1.3,,,,
Mark Skinner Elementary School,ES,41.87913069,-87.65937102,97.1,87.0,0.0,,,,
Mark Twain Elementary School,ES,41.79905206,-87.75896524,96.3,67.0,5.3,,,,
Marquette Elementary School,ES,41.77390682,-87.6970673,93.1,15.0,64.6,,,,
Martha Ruggles Elementary School,ES,41.75194729,-87.61802983,93.9,43.0,30.9,,,,
Martin A Ryerson Elementary School,ES,41.89321142,-87.71883334,95.5,40.0,95.1,,,,
Marvin Camras Elementary School,ES,41.93496641,-87.77016525,95.1,54.0,4.3,,,,
Mary E Courtenay Elementary Language Arts Center,ES,41.9580169,-87.6718933,94.9,99.0,10.8,,,,
Mary E McDowell Elementary School,ES,41.7331047,-87.58960096,95.5,,3.1,,,,
Mary Gage Peterson Elementary School,ES,41.98158041,-87.71261988,95.5,62.0,10.3,,,,
Mary Lyon Elementary School,ES,41.93417898,-87.77713699,95.9,55.0,3.7,,,,
Mary Mapes Dodge Elementary Renaissance Academy,ES,41.88282068,-87.6930162,94.4,57.0,12.7,,,,
Mary McLeod Bethune Elementary School,ES,41.87019518,-87.70216173,93.3,53.0,25.8,,,,
Mason High School,HS,41.85685194,-87.73049117,90.4,50.0,44.3,,,,
Matthew A Henson Elementary School,ES,41.86356038,-87.72158636,90.9,37.0,13.2,,,,
Matthew Gallistel Elementary Language Academy,ES,41.70682232,-87.53513861,95.1,49.0,5.9,,,,
Medgar Evers Elementary School,ES,41.7156643,-87.63926881,94.9,27.0,18.1,,,,
Melville W Fuller Elementary School,ES,41.8180061,-87.61182077,91.8,22.0,40.2,,,,
Michael Faraday Elementary School,ES,41.87974117,-87.70808199,93.3,35.0,39.4,,,,
Michael M Byrne Elementary School,ES,41.79503029,-87.79150778,94.6,63.0,51.8,,,,
Michele Clark Academic Prep Magnet High School,HS,41.87285714,-87.75335467,79.1,,24.4,,,,
Mildred I Lavizzo Elementary School,ES,41.69628998,-87.62713349,91.5,15.0,39.1,,,,
Milton Brunson Math & Science Specialty Elementary School ,ES,41.89767761,-87.76564297,91.3,30.0,16.6,,,,
Minnie Mars Jamieson Elementary School,ES,41.98461372,-87.70056525,95.7,64.0,8.1,,,,
Miriam G Canter Middle School,MS,41.80434474,-87.59039494,91.4,57.0,3.4,,,,
Morgan Park High School,HS,41.69206041,-87.66564309,84.2,40.0,11.1,,,,
Morton School of Excellence,ES,41.88928666,-87.7049885,93.6,53.0,73.9,,,,
Moses Montefiore Special Elementary School,ES,41.86471954,-87.66648084,80.4,28.0,251.6,,,,
Mount Greenwood Elementary School,ES,41.69574845,-87.70577383,96.0,84.0,2.9,,,,
Mount Vernon Elementary School,ES,41.70196704,-87.64768959,93.3,31.0,76.6,,,,
Multicultural Academy of Scholarship,HS,41.83601953,-87.73419465,89.2,48.0,22.4,,,,
Myra Bradwell Communications Arts & Sciences Elementary School,ES,41.7543734,-87.55717881,92.1,31.0,75.9,,,,
Nathanael Greene Elementary School,ES,41.82966356,-87.67145551,95.5,,3.8,,,,
Nathan Hale Elementary School,ES,41.78020486,-87.77661589,94.5,55.0,9.8,,,,
Nathaniel Pope Elementary School,ES,41.85570712,-87.70299144,91.6,48.0,54.2,,,,
Nathan R Goldblatt Elementary School,ES,41.87778081,-87.73273021,92.9,49.0,57.7,,,,
Nathan S Davis Elementary School,ES,41.8218786,-87.70022859,95.1,43.0,2.4,,,,
National Teachers Elementary Academy,ES,41.85277255,-87.62928114,94.7,67.0,9.2,,,,
Neal F Simeon Career Academy High School,HS,41.74579217,-87.63537,78.6,52.0,2.1,,,,
Near North Elementary School,ES,41.89551132,-87.66123981,80.2,50.0,58.3,,,,
New Field Elementary School,ES,42.00767533,-87.67315753,96.2,,3.1,,,,
New Millennium High School of Health at Bowen,HS,41.73376107,-87.55775263,75.6,17.0,61.8,,,,
Newton Bateman Elementary School,ES,41.95823045,-87.70218806,96.2,55.0,0.2,,,,
Nicholas Senn High School,HS,41.98905063,-87.66526222,81.7,48.0,41.3,,,,
Nicholson Technology Academy,ES,41.7849277,-87.64748868,93.4,48.0,6.0,,,,
Ninos Heroes Elementary Academic Center,ES,41.74374969,-87.55189813,93.9,36.0,25.9,,,,
Norman A Bridge Elementary School,ES,41.94915063,-87.79870722,95.6,67.0,6.6,,,,
North-Grand High School,HS,41.91170094,-87.73525151,88.6,42.0,15.3,,,,
North River Elementary School,ES,41.96173669,-87.70718808,95.6,67.0,20.1,,,,
Northside College Preparatory High School,HS,41.98135196,-87.70867192,95.7,99.0,2.8,,,,
Northside Learning Center High School,HS,41.98299994,-87.72238881,89.8,99.0,5.3,,,,
Northwest Middle School,MS,41.92053845,-87.75820003,93.4,34.0,2.2,,,,
Norwood Park Elementary School,ES,41.98818136,-87.80299207,95.5,99.0,0.3,,,,
Ogden International High School,HS,41.8935757,-87.65936676,94.2,56.0,13.7,,,,
Ole A Thorp Elementary Scholastic Academy,ES,41.94859865,-87.77764028,96.4,70.0,25.8,,,,
Oliver S Westcott Elementary School,ES,41.74884018,-87.63478949,92.6,30.0,31.5,,,,
Oliver Wendell Holmes Elementary School,ES,41.79376044,-87.64977785,87.0,21.0,139.8,,,,
Oriole Park Elementary School,ES,41.97851501,-87.81209057,96.5,99.0,2.3,,,,
Orozco Fine Arts & Sciences Elementary School,ES,41.85778248,-87.67519253,97.6,55.0,1.4,,,,
Orr Academy High School,HS,41.89444828,-87.72620305,66.3,,10.2,,,,
Orville T Bright Elementary School,ES,41.69973969,-87.56212104,92.2,18.0,55.7,,,,
Oscar DePriest Elementary School,ES,41.87799914,-87.7662615,92.7,35.0,20.0,,,,
Oscar F Mayer Elementary School,ES,41.92317657,-87.65732331,95.0,67.0,11.4,,,,
Pablo Casals Elementary School,ES,41.90447488,-87.71427105,92.0,,47.1,,,,
Park Manor Elementary School,ES,41.76648584,-87.61150917,94.9,28.0,16.6,,,,
Parkside Elementary Community Academy,ES,41.76856599,-87.58299131,89.8,,90.7,,,,
Patrick Henry Elementary School,ES,41.95896179,-87.71566829,95.1,45.0,4.3,,,,
Paul Cuffe Math-Science Technology Academy Elementary School,ES,41.74244489,-87.65366994,93.6,51.0,46.9,,,,
Paul Laurence Dunbar Career Academy High School,HS,41.84018775,-87.61767315,76.9,29.0,21.5,,,,
Paul Revere Elementary School,ES,41.76422335,-87.60017165,92.4,36.0,33.3,,,,
Paul Robeson High School,HS,41.76973341,-87.63711641,73.5,29.0,26.4,,,,
Percy L Julian High School,HS,41.70585971,-87.65378585,74.6,28.0,33.4,,,,
Perkins Bass Elementary School,ES,41.77427377,-87.65354234,92.1,28.0,28.9,,,,
Pershing West Middle School,MS,41.83649005,-87.61837372,96.2,46.0,3.7,,,,
Peter A Reinberg Elementary School,ES,41.94300407,-87.76894541,95.8,60.0,8.2,,,,
Peter Cooper Elementary Dual Language Academy,ES,41.85605839,-87.66724753,96.2,,5.7,,,,
Philip Rogers Elementary School,ES,42.01526618,-87.69714858,96.4,81.0,3.0,,,,
Phillip D Armour Elementary School,ES,41.8338821,-87.65061898,93.9,36.0,16.0,,,,
Phillip Murray Elementary Language Academy,ES,41.79852501,-87.59330352,95.6,66.0,3.5,,,,
Phobe Apperson Hearst Elementary School,ES,41.80818821,-87.74576315,92.1,33.0,25.5,,,,
Phoenix Military Academy High School,HS,41.87885054,-87.68865058,92.1,53.0,4.3,,,,
Pilsen Elementary Community Academy,ES,41.85887606,-87.6622254,96.0,43.0,9.4,,,,
Portage Park Elementary School,ES,41.9570151,-87.76100593,94.2,62.0,3.7,,,,
Pulaski International Academy Elmentary School,ES,41.91851374,-87.68380061,96.1,68.0,1.7,,,,
Rachel Carson Elementary School,ES,41.79325514,-87.68783576,97.6,38.0,3.9,,,,
Ralph H Metcalfe Elementary Community Academy,ES,41.6694559,-87.63426928,94.9,,22.3,,,,
Ravenswood Elementary School,ES,41.96074129,-87.67095905,94.9,46.0,8.1,,,,
Ray Graham Training Center High School,HS,41.84969736,-87.6252787,86.3,90.0,3.7,,,,
Richard Edwards Elementary School,ES,41.80552325,-87.72581893,95.3,48.0,10.3,,,,
Richard Henry Lee Elementary School,ES,41.77532831,-87.72892174,95.0,59.0,21.8,,,,
Richard J Daley Elementary Academy,ES,41.80234381,-87.67224309,94.9,29.0,44.2,,,,
Richard J Oglesby Elementary School,ES,41.75469091,-87.64550666,94.4,44.0,25.4,,,,
Richard T Crane Technical Preparatory High School,HS,41.87747384,-87.68324922,57.9,43.0,19.9,,,,
Richard Yates Elementary School,ES,41.91502858,-87.70024324,93.7,42.0,5.6,,,,
Roald Amundsen High School,HS,41.97507922,-87.67952139,81.1,51.0,8.7,,,,
Robert A Black Magnet Elementary School,ES,41.72965645,-87.57660534,96.0,68.0,0.4,,,,
Robert Emmet Elementary School,ES,41.88037642,-87.76327497,89.8,37.0,30.1,,,,
Robert Fulton Elementary School,ES,41.79754288,-87.66847093,95.1,46.0,10.1,,,,
Robert Healy Elementary School,ES,41.83957045,-87.64037683,96.6,63.0,11.3,,,,
Robert H Lawrence Elementary School,ES,41.71440176,-87.56716721,90.7,19.0,14.0,,,,
Robert L Grimes Elementary School,ES,41.77549238,-87.75876919,95.2,79.0,5.0,,,,
Robert Lindblom Math & Science Academy High School,HS,41.7820428,-87.67169858,92.7,66.0,2.1,,,,
Robert Nathaniel Dett Elementary School,ES,41.88401623,-87.68472465,94.4,48.0,6.9,,,,
Roberto Clemente Community Academy High School,HS,41.90262318,-87.68686934,69.6,44.0,20.6,,,,
Rodolfo Lozano Bilingual & International Center Elementary School,ES,41.90891372,-87.66505758,94.8,55.0,0.9,,,,
Roger C Sullivan High School,HS,42.00268694,-87.66915533,81.6,30.0,14.7,,,,
Ronald Brown Elementary Community Academy,ES,41.66484509,-87.63892027,93.8,31.0,35.6,,,,
Ronald E McNair Elementary School,ES,41.8978464,-87.74674645,90.7,31.0,52.8,,,,
Rosario Castellanos Elementary School,ES,41.84544296,-87.71496352,96.3,36.0,24.3,,,,
Roswell B Mason Elementary School,ES,41.85685194,-87.73049117,92.4,37.0,31.0,,,,
Rudyard Kipling Elementary School,ES,41.72365391,-87.63948475,94.7,52.0,23.4,,,,
Rueben Salazar Elementary Bilingual Center,ES,41.90144445,-87.63373912,95.1,64.0,44.6,,,,
Rufus M Hitch Elementary School,ES,41.98367756,-87.77908614,95.1,64.0,3.7,,,,
Salmon P Chase Elementary School,ES,41.91801539,-87.69454144,95.4,55.0,18.5,,,,
Samuel Gompers Fine Arts Options Elementary School,ES,41.67058298,-87.62258098,93.6,34.0,54.2,,,,
Sauganash Elementary School,ES,41.99117332,-87.74599137,96.3,99.0,1.5,,,,
Scott Joplin Elementary School,ES,41.74934082,-87.66932903,95.0,35.0,44.5,,,,
Sharon Christa McAuliffe Elementary School,ES,41.91480732,-87.72389409,93.9,,14.2,,,,
Sidney Sawyer Elementary School,ES,41.79752155,-87.70504311,96.8,57.0,7.4,,,,
Simon Guggenheim Elementary School,ES,41.76391032,-87.64908807,90.9,30.0,29.5,,,,
Sir Miles Davis Magnet Elementary Academy,ES,41.77122181,-87.66656657,93.0,35.0,57.8,,,,
Skinner North,ES,41.9051367,-87.64483441,96.4,,0.0,,,,
Socorro Sandoval Elementary School,ES,41.79235177,-87.71102417,95.8,,3.7,,,,
Songhai Elementary Learning Institute,ES,41.68086831,-87.62505762,89.5,17.0,84.7,,,,
South Loop Elementary School,ES,41.86685634,-87.62865124,95.3,84.0,12.7,,,,
South Shore Fine Arts Academy,ES,41.76772772,-87.59039017,93.6,,22.4,,,,
Southside Occupational Academy High School,HS,41.75986813,-87.6759838,85.5,,13.1,,,,
Spencer Technology Academy,ES,41.88488257,-87.75048169,92.5,35.0,24.1,,,,
Spry Community Links High School,HS,41.84815451,-87.69912725,95.6,70.0,9.7,,,,
Stephen Decatur Classical Elementary School,ES,42.00930696,-87.70465502,96.2,99.0,2.8,,,,
Stephen F Gale Elementary Community Academy,ES,42.02106425,-87.67196481,92.1,39.0,34.8,,,,
Stephen K Hayt Elementary School,ES,41.99456814,-87.6685227,95.6,72.0,55.6,,,,
Stephen T Mather High School,HS,41.9875954,-87.70244871,87.6,58.0,7.6,,,,
Stone Elementary Scholastic Academy,ES,41.99536777,-87.68475636,96.4,78.0,1.9,,,,
Suder Montessori Magnet Elementary School,ES,41.88324176,-87.67764871,96.6,,6.5,,,,
Talman Elementary School,ES,41.79407382,-87.6902983,96.2,99.0,9.2,,,,
Tarkington School of Excellence Elementary School,ES,41.76443483,-87.70642093,95.9,48.0,10.5,,,,
TEAM Englewood Community Academy High School,HS,41.7814927,-87.63494163,87.3,45.0,8.2,,,,
Telpochcalli Elementary School,ES,41.84797834,-87.6966316,95.4,42.0,2.7,,,,
Theodore Herzl Elementary School,ES,41.86225473,-87.71825927,90.8,41.0,23.9,,,,
Theodore Roosevelt High School,HS,41.96485522,-87.71483051,82.3,42.0,9.7,,,,
Theophilus Schmid Elementary School,ES,41.71701772,-87.59689622,92.1,46.0,67.1,,,,
Thomas A Edison Regional Gifted Center Elementary School,ES,41.9711433,-87.70962725,96.6,91.0,1.9,,,,
Thomas A Hendricks Elementary Community Academy,ES,41.81579314,-87.63370133,91.2,33.0,61.8,,,,
Thomas Chalmers Specialty Elementary School,ES,41.8664078,-87.69526079,94.4,34.0,3.4,,,,
Thomas Drummond Elementary School,ES,41.91588634,-87.67449563,95.2,72.0,0.3,,,,
Thomas Hoyne Elementary School,ES,41.73330693,-87.5681905,94.8,67.0,0.0,,,,
Thomas J Higgins Elementary Community Academy,ES,41.68100687,-87.64702985,95.2,,0.5,,,,
Thomas J Waters Elementary School,ES,41.96434835,-87.69136881,96.1,85.0,0.4,,,,
Thomas Kelly High School,HS,41.81871101,-87.69467483,89.3,36.0,5.8,,,,
Thurgood Marshall Middle School,MS,41.9520236,-87.72035833,94.0,39.0,18.1,,,,
Turner-Drew Elementary Language Academy,ES,41.72560849,-87.6302048,95.8,56.0,24.0,,,,
Uplift Community High School,HS,41.96557412,-87.65252191,88.7,50.0,8.1,,,,
Velma F Thomas Early Childhood Center,ES,41.82776914,-87.67750501,,,0.0,,,,
Victor Herbert Elementary School,ES,41.87984242,-87.68031236,92.8,50.0,10.3,,,,
Virgil Grissom Elementary School,ES,41.66245712,-87.55334334,95.5,62.0,2.5,,,,
VOISE Academy High School,HS,41.88520477,-87.76321191,84.5,42.0,25.0,,,,
Walt Disney Magnet Elementary School,ES,41.95680712,-87.6461175,96.4,,7.7,,,,
Walter L Newberry Math & Science Academy Elementary School,ES,41.91397435,-87.64601501,95.1,71.0,2.1,,,,
Walter Payton College Preparatory High School,HS,41.90155157,-87.63453744,93.4,98.0,0.7,,,,
Walter Q Gresham Elementary School,ES,41.73891334,-87.64506169,95.5,25.0,35.4,,,,
Walter Reed Elementary School,ES,41.77839545,-87.63515406,92.4,29.0,75.5,,,,
Walter S Christopher Elementary School,ES,41.8016744,-87.68564411,86.1,,4.0,,,,
Washington D Smyser Elementary School,ES,41.95889037,-87.78201198,95.5,55.0,4.9,,,,
Washington Irving Elementary School,ES,41.87161238,-87.68357939,95.6,43.0,15.1,,,,
Wells Community Academy High School,HS,41.89900506,-87.66751989,74.1,51.0,16.9,,,,
Wendell E Green Elementary School,ES,41.71931953,-87.65248591,93.9,32.0,20.1,,,,
Wendell Phillips Academy High School,HS,41.82390751,-87.61978794,63.0,,22.0,,,,
Wendell Smith Elementary School,ES,41.70758462,-87.60468711,92.1,22.0,90.0,,,,
West Park Elementary Academy,ES,41.90691024,-87.73240646,93.7,29.0,16.3,,,,
West Pullman Elementary School,ES,41.67666008,-87.63570683,91.2,23.0,7.6,,,,
West Ridge Elementary School,ES,42.00299575,-87.70595357,94.9,67.0,6.8,,,,
Whitney M Young Magnet High School,HS,41.87859028,-87.66419634,94.6,95.0,1.2,,,,
Wildwood Elementary School,ES,42.00747007,-87.77837089,96.2,99.0,1.0,,,,
Willa Cather Elementary School,ES,41.882977,-87.69922315,94.9,69.0,29.5,,,,
William A Hinton Elementary School,ES,41.76536255,-87.6413274,91.7,18.0,28.9,,,,
William Bishop Owen Scholastic Academy Elementary School,ES,41.74287191,-87.70571301,96.9,49.0,1.2,,,,
William B Ogden Elementary School,ES,41.90003152,-87.62928901,95.1,,4.5,,,,
William C Goudy Elementary School,ES,41.97581137,-87.65794915,96.1,70.0,6.0,,,,
William C Reavis Math & Science Specialty Elementary School,ES,41.80420101,-87.6049443,93.5,48.0,37.2,,,,
William E B Dubois Elementary School,ES,41.65376037,-87.61434156,93.3,47.0,48.5,,,,
William E Dever Elementary School,ES,41.94254335,-87.813168,95.5,67.0,2.1,,,,
William F Finkl Elementary School,ES,41.84919885,-87.68570412,95.2,56.0,6.7,,,,
William G Hibbard Elementary School,ES,41.97036267,-87.71036214,96.5,,3.0,,,,
William H Brown Elementary School,ES,41.88298698,-87.67071879,92.8,36.0,59.0,,,,
William H King Elementary School,ES,41.87186209,-87.68875632,92.4,47.0,17.7,,,,
William Howard Taft High School,HS,41.98298852,-87.7915383,89.1,61.0,9.8,,,,
William H Prescott Elementary School,ES,41.92886824,-87.66955245,93.5,90.0,73.9,,,,
William H Ray Elementary School,ES,41.79234967,-87.59471544,95.1,69.0,6.7,,,,
William H Ryder Math & Science Specialty Elementary School,ES,41.73536767,-87.63887904,93.0,34.0,22.5,,,,
William H Seward Communication Arts Academy Elementary School,ES,41.81029632,-87.66880778,95.7,40.0,14.4,,,,
William J Bogan High School,HS,41.74934817,-87.72109673,75.2,20.0,5.8,,,,
William J & Charles H Mayo Elementary School,ES,41.82732778,-87.61978251,95.3,52.0,26.0,,,,
William J Onahan Elementary School,ES,41.99381787,-87.79308113,95.7,64.0,6.9,,,,
William Jones College Preparatory High School,HS,41.87441898,-87.62775497,93.8,92.0,4.5,,,,
William K New Sullivan Elementary School,ES,41.7438302,-87.542891,90.3,27.0,27.3,,,,
William Penn Elementary School,ES,41.85836995,-87.72133609,91.8,78.0,5.7,,,,
William P Gray Elementary School,ES,41.94878107,-87.75715297,95.6,57.0,5.9,,,,
William P Nixon Elementary School,ES,41.91959342,-87.73138368,95.6,52.0,3.5,,,,
William Rainey Harper High School,HS,41.77511222,-87.66912563,73.0,22.0,63.6,,,,
Williams Multiplex Elementary School,ES,41.84403809,-87.62859008,91.6,,17.0,,,,
Williams Preparatory Academy Middle School,MS,41.84403809,-87.62859008,93.3,49.0,14.8,,,,
William T Sherman Elementary School,ES,41.79978772,-87.65025483,92.3,32.0,230.6,,,,
William W Carter Elementary School,ES,41.78984129,-87.62248974,91.2,13.0,27.0,,,,
Wilma Rudolph Elementary Learning Center,ES,41.88357478,-87.66951363,80.0,,0.0,,,,
Wolfgang A Mozart Elementary School,ES,41.92092734,-87.72192541,95.2,41.0,3.6,,,,
Woodlawn Community Elementary School,ES,41.77339962,-87.59435584,93.9,70.0,12.4,,,,
World Language Academy High School,HS,41.83601953,-87.73419465,91.6,51.0,4.0,,,,
